{
  "lang":"en",
  "name":"pipeline",
  "version":"0.0.0",
  "spacy_version":">=3.6.1,<3.7.0",
  "description":"",
  "author":"",
  "email":"",
  "url":"",
  "license":"",
  "spacy_git_version":"458bc5f45",
  "vectors":{
    "width":0,
    "vectors":0,
    "keys":0,
    "name":null,
    "mode":"default"
  },
  "labels":{
    "tok2vec":[

    ],
    "ner":[
      "AWARDS",
      "CERTIFICATION",
      "COMPANIES WORKED AT",
      "CONTACT",
      "DEGREE",
      "DESIGNATION",
      "LOCATION",
      "SKILLS",
      "Unlabelled",
      "YEARS OF EXPERIENCE"
    ]
  },
  "pipeline":[
    "tok2vec",
    "ner"
  ],
  "components":[
    "tok2vec",
    "ner"
  ],
  "disabled":[

  ],
  "performance":{
    "ents_f":0.8041237113,
    "ents_p":0.8125,
    "ents_r":0.7959183673,
    "ents_per_type":{
      "SKILLS":{
        "p":0.8333333333,
        "r":0.7692307692,
        "f":0.8
      },
      "LOCATION":{
        "p":0.8888888889,
        "r":0.8888888889,
        "f":0.8888888889
      },
      "COMPANIES WORKED AT":{
        "p":0.9310344828,
        "r":0.8181818182,
        "f":0.8709677419
      },
      "DESIGNATION":{
        "p":0.8125,
        "r":0.8666666667,
        "f":0.8387096774
      },
      "YEARS OF EXPERIENCE":{
        "p":0.7674418605,
        "r":1.0,
        "f":0.8684210526
      },
      "DEGREE":{
        "p":0.9,
        "r":0.75,
        "f":0.8181818182
      },
      "CERTIFICATION":{
        "p":0.5384615385,
        "r":0.5384615385,
        "f":0.5384615385
      },
      "AWARDS":{
        "p":0.75,
        "r":0.25,
        "f":0.375
      }
    },
    "tok2vec_loss":3171.5917918393,
    "ner_loss":4200.7188347924
  }
}